GLN,A24,-0.4788,0.8239,1.6975,2.4856,4.5282
THR,A27,0.9489,2.8536,0.7679,-0.2643,4.3062
PHE,A28,0.0596,1.3121,-0.4867,-1.4038,-0.5189
ASP,A30,0.6242,2.2177,1.6563,3.3476,7.8458
LYS,A31,-3.2739,4.4258,0.2075,2.4986,3.858
HIE,A34,0.1352,-2.0487,1.6662,3.0157,2.7683
GLU,A35,2.0584,1.3245,1.97,2.6278,7.9807
GLU,A37,2.7909,1.979,0.9107,1.2671,6.9476
ASP,A38,1.6613,1.5816,0.8174,2.4061,6.4663
TYR,A41,0.2241,6.065,0.0,-1.6475,4.6416
GLN,A42,-0.4141,1.6307,0.6767,5.5626,7.456
LEU,A79,-0.2022,1.0152,-0.6568,-1.127,-0.9709
MET,A82,0.0845,1.4767,-1.4961,-1.8871,-1.822
TYR,A83,0.2823,4.1978,0.0025,-0.1313,4.3513
ASN,A330,-0.1505,1.7424,0.9007,3.3847,5.8774
LYS,A353,-3.7395,5.6185,0.156,2.4628,4.4977
GLY,A354,0.0,0.0,0.0,0.0,0.0
ASP,A355,2.1198,1.8803,0.0379,0.0682,4.1061
ARG,A357,-2.3528,1.4214,0.4835,1.2802,0.8323
ARG,A393,-2.7513,0.6751,0.9676,1.6621,0.5536
LYS,E417,-3.1399,1.5647,0.3601,1.315,0.0999
GLY,E446,0.0,0.0,0.0,0.0,0.0
TYR,E449,-0.8147,0.6386,-5.4993,-5.5619,-11.2373
TYR,E453,-0.0038,-5.0079,-0.4708,0.2208,-5.2617
LEU,E455,-0.1947,4.9844,0.0,-0.7778,4.0119
PHE,E456,-0.0237,3.4312,-0.8367,-5.8474,-3.2766
ALA,E475,0.0,0.0,0.0,0.0,0.0
PHE,E486,-0.0245,5.6376,-4.3741,-13.9374,-12.6984
ASN,E487,-0.2793,0.7049,0.6103,3.5211,4.5571
TYR,E489,0.1241,7.7467,-1.6383,-5.0943,1.1382
GLN,E493,-0.4582,2.7528,0.4146,1.4207,4.13
GLY,E496,0.0,0.0,0.0,0.0,0.0
GLN,E498,-0.4977,4.6463,-0.011,2.4338,6.5714
THR,E500,0.7905,1.8938,-0.5208,-0.3066,1.8568
ASN,E501,0.1542,3.365,0.0578,0.8722,4.4493
GLY,E502,0.0,0.0,0.0,0.0,0.0
TYR,E505,0.0877,7.5597,-1.64,-7.2549,-1.2475
